{"@module": "beep.featurize", "@class": "DeltaQFastCharge", "name": "/mnt/c/Users/sjrt1/Documents/School/Winter2021/DATA451/FastCharge/data-share/features/DeltaQFastCharge/FastCharge_000008_CH48_features_DeltaQFastCharge.json", "X": {"discharge_capacity_cycle_2": [1.0810224], "max_discharge_capacity_difference": [0.6113865], "discharge_capacity_cycle_100": [1.0858688], "integrated_time_temperature_cycles_1:100": [208993.24208320002], "charge_time_cycles_1:5": [563.2000122070312], "abs_min_discharge_capacity_difference_cycles_2:100": [-1.2288954146684583], "abs_mean_discharge_capacity_difference_cycles_2:100": [-1.5536894477604974], "abs_variance_discharge_capacity_difference_cycles_2:100": [-3.186218330601439], "abs_skew_discharge_capacity_difference_cycles_2:100": [-1.2708022354205335], "abs_kurtosis_discharge_capacity_difference_cycles_2:100": [0.2778072645129709], "abs_first_discharge_capacity_difference_cycles_2:100": [-1.2804346452433417], "max_temperature_cycles_1:100": [37.85512161254883], "min_temperature_cycles_1:100": [29.696998596191406], "slope_discharge_capacity_cycle_number_2:100": [-8.377035250474838e-06], "intercept_discharge_capacity_cycle_number_2:100": [1.0875297638837356], "slope_discharge_capacity_cycle_number_91:100": [-3.5351515151500255e-05], "intercept_discharge_capacity_cycle_number_91:100": [1.0894040781818164], "min_internal_resistance_cycles_2:100": [0.01638292707502842], "internal_resistance_cycle_2": [0.016742216423153877], "internal_resistance_difference_cycles_2:100": [0.0001230090856552124], "nominal_capacity_by_median": [1.0878038]}, "metadata": {"barcode": "EL150800460656", "protocol": "2017-05-12_TESTS\\20170512-8C-35PER_3_6C.SDU", "channel_id": 47, "parameters": {"init_pred_cycle": 10, "mid_pred_cycle": 91, "final_pred_cycle": 100, "n_nominal_cycles": 40}}, "@version": "2021.1.11.15"}